roc_auc,pr_auc,top_10_capture,top_20_capture,top_30_capture,brier_score
0.6893247436182265,0.2435293683607439,0.2611885546588408,0.41232575201760824,0.5396184886280264,0.09077486707939197
