roc_auc,pr_auc,brier_score
0.5,0.41666666666666663,0.23771733375078896
