capacity,patients_reviewed,actual_high_risk_in_queue,capture_rate_in_queue,expected_avoided_readmissions,gross_savings,outreach_spend,net_savings
50,50,34,0.012472487160674981,6.12,73440.0,6000.0,67440.0
100,100,58,0.02127659574468085,10.44,125280.0,12000.0,113280.0
200,200,106,0.03888481291269259,19.08,228959.99999999997,24000.0,204959.99999999997
500,500,227,0.08327219369038885,40.86,490320.0,60000.0,430320.0
